Cement;Blast Furnace Slag;Fly Ash;Water;Superplasticizer;Coarse Aggregate;Fine Aggregate;Age;Strength;Degress P1; Degress P2; Degress P3; Time Cook1; Time Cook2; Time Cook3
5400;0;0;1620;25;10400;6760;28;7999;1620;25;10400;6760;28;7999
5400;0;0;1620;25;10550;6760;28;6189;1620;25;10550;6760;28;6189
3325;1425;0;2280;0;9320;5940;270;4027;2280;0;9320;5940;270;4027
3325;1425;0;2280;0;9320;5940;365;4105;2280;0;9320;5940;365;4105
1986;1324;0;1920;0;9784;8255;360;4430;1920;0;9784;8255;360;4430
2660;1140;0;2280;0;9320;6700;90;4703;2280;0;9320;6700;90;4703
3800;950;0;2280;0;9320;5940;365;4370;2280;0;9320;5940;365;4370
3800;950;0;2280;0;9320;5940;28;3645;2280;0;9320;5940;28;3645
2660;1140;0;2280;0;9320;6700;28;4585;2280;0;9320;6700;28;4585
4750;0;0;2280;0;9320;5940;28;3929;2280;0;9320;5940;28;3929
1986;1324;0;1920;0;9784;8255;90;3807;1920;0;9784;8255;90;3807
1986;1324;0;1920;0;9784;8255;28;2802;1920;0;9784;8255;28;2802
4275;475;0;2280;0;9320;5940;270;4301;2280;0;9320;5940;270;4301
1900;1900;0;2280;0;9320;6700;90;4233;2280;0;9320;6700;90;4233
3040;760;0;2280;0;9320;6700;28;4781;2280;0;9320;6700;28;4781
3800;0;0;2280;0;9320;6700;90;5291;2280;0;9320;6700;90;5291
1396;2094;0;1920;0;10470;8069;90;3936;1920;0;10470;8069;90;3936
3420;380;0;2280;0;9320;6700;365;5614;2280;0;9320;6700;365;5614
3800;950;0;2280;0;9320;5940;90;4056;2280;0;9320;5940;90;4056
4750;0;0;2280;0;9320;5940;180;4262;2280;0;9320;5940;180;4262
4275;475;0;2280;0;9320;5940;180;4184;2280;0;9320;5940;180;4184
1396;2094;0;1920;0;10470;8069;28;2824;1920;0;10470;8069;28;2824
1396;2094;0;1920;0;10470;8069;3;806;1920;0;10470;8069;3;806
1396;2094;0;1920;0;10470;8069;180;4421;1920;0;10470;8069;180;4421
3800;0;0;2280;0;9320;6700;365;5252;2280;0;9320;6700;365;5252
3800;0;0;2280;0;9320;6700;270;5330;2280;0;9320;6700;270;5330
3800;950;0;2280;0;9320;5940;270;4115;2280;0;9320;5940;270;4115
3420;380;0;2280;0;9320;6700;180;5212;2280;0;9320;6700;180;5212
4275;475;0;2280;0;9320;5940;28;3743;2280;0;9320;5940;28;3743
4750;0;0;2280;0;9320;5940;7;3860;2280;0;9320;5940;7;3860
3040;760;0;2280;0;9320;6700;365;5526;2280;0;9320;6700;365;5526
2660;1140;0;2280;0;9320;6700;365;5291;2280;0;9320;6700;365;5291
1986;1324;0;1920;0;9784;8255;180;4172;1920;0;9784;8255;180;4172
4750;0;0;2280;0;9320;5940;270;4213;2280;0;9320;5940;270;4213
1900;1900;0;2280;0;9320;6700;365;5369;2280;0;9320;6700;365;5369
2375;2375;0;2280;0;9320;5940;270;3841;2280;0;9320;5940;270;3841
2375;2375;0;2280;0;9320;5940;28;3008;2280;0;9320;5940;28;3008
3325;1425;0;2280;0;9320;5940;90;3772;2280;0;9320;5940;90;3772
4750;0;0;2280;0;9320;5940;90;4223;2280;0;9320;5940;90;4223
2375;2375;0;2280;0;9320;5940;180;3625;2280;0;9320;5940;180;3625
3420;380;0;2280;0;9320;6700;90;5046;2280;0;9320;6700;90;5046
4275;475;0;2280;0;9320;5940;365;4370;2280;0;9320;5940;365;4370
2375;2375;0;2280;0;9320;5940;365;3900;2280;0;9320;5940;365;3900
3800;0;0;2280;0;9320;6700;180;5310;2280;0;9320;6700;180;5310
4275;475;0;2280;0;9320;5940;90;4154;2280;0;9320;5940;90;4154
4275;475;0;2280;0;9320;5940;7;3508;2280;0;9320;5940;7;3508
3490;0;0;1920;0;10470;8069;3;1505;1920;0;10470;8069;3;1505
3800;950;0;2280;0;9320;5940;180;4076;2280;0;9320;5940;180;4076
2375;2375;0;2280;0;9320;5940;7;2626;2280;0;9320;5940;7;2626
3800;950;0;2280;0;9320;5940;7;3282;2280;0;9320;5940;7;3282
3325;1425;0;2280;0;9320;5940;180;3978;2280;0;9320;5940;180;3978
1900;1900;0;2280;0;9320;6700;180;4693;2280;0;9320;6700;180;4693
2375;2375;0;2280;0;9320;5940;90;3312;2280;0;9320;5940;90;3312
3040;760;0;2280;0;9320;6700;90;4919;2280;0;9320;6700;90;4919
1396;2094;0;1920;0;10470;8069;7;1459;1920;0;10470;8069;7;1459
1986;1324;0;1920;0;9784;8255;7;1464;1920;0;9784;8255;7;1464
4750;0;0;2280;0;9320;5940;365;4193;2280;0;9320;5940;365;4193
1986;1324;0;1920;0;9784;8255;3;913;1920;0;9784;8255;3;913
3040;760;0;2280;0;9320;6700;180;5095;2280;0;9320;6700;180;5095
3325;1425;0;2280;0;9320;5940;28;3302;2280;0;9320;5940;28;3302
3040;760;0;2280;0;9320;6700;270;5438;2280;0;9320;6700;270;5438
2660;1140;0;2280;0;9320;6700;270;5173;2280;0;9320;6700;270;5173
3100;0;0;1920;0;9710;8506;3;987;1920;0;9710;8506;3;987
1900;1900;0;2280;0;9320;6700;270;5066;2280;0;9320;6700;270;5066
2660;1140;0;2280;0;9320;6700;180;4870;2280;0;9320;6700;180;4870
3420;380;0;2280;0;9320;6700;270;5506;2280;0;9320;6700;270;5506
1396;2094;0;1920;0;10470;8069;360;4470;1920;0;10470;8069;360;4470
3325;1425;0;2280;0;9320;5940;7;3028;2280;0;9320;5940;7;3028
1900;1900;0;2280;0;9320;6700;28;4086;2280;0;9320;6700;28;4086
4850;0;0;1460;0;11200;8000;28;7199;1460;0;11200;8000;28;7199
3740;1892;0;1701;101;9261;7567;3;3440;1701;101;9261;7567;3;3440
3133;2622;0;1755;86;10469;6118;3;2880;1755;86;10469;6118;3;2880
4250;1063;0;1535;165;8521;8871;3;3340;1535;165;8521;8871;3;3340
4250;1063;0;1514;186;9360;8037;3;3630;1514;186;9360;8037;3;3630
3750;938;0;1266;234;8521;9926;3;2900;1266;234;8521;9926;3;2900
4750;1188;0;1811;89;8521;7815;3;3780;1811;89;8521;7815;3;3780
4690;1172;0;1378;322;8521;8405;3;4020;1378;322;8521;8405;3;4020
4250;1063;0;1535;165;8521;8871;3;3340;1535;165;8521;8871;3;3340
3886;971;0;1579;121;8521;9257;3;2810;1579;121;8521;9257;3;2810
5313;0;0;1418;282;8521;8937;3;4130;1418;282;8521;8937;3;4130
4250;1063;0;1535;165;8521;8871;3;3340;1535;165;8521;8871;3;3340
3188;2125;0;1557;143;8521;8804;3;2520;1557;143;8521;8804;3;2520
4018;947;0;1474;114;9468;8521;3;4110;1474;114;9468;8521;3;4110
3626;1890;0;1649;116;9447;7558;3;3530;1649;116;9447;7558;3;3530
3237;2828;0;1838;103;9427;6599;3;2830;1838;103;9427;6599;3;2830
3795;1512;0;1539;159;11343;6050;3;2860;1539;159;11343;6050;3;2860
3626;1890;0;1649;116;9447;7558;3;3530;1649;116;9447;7558;3;3530
2863;2009;0;1447;112;10046;8037;3;2440;1447;112;10046;8037;3;2440
3626;1890;0;1649;116;9447;7558;3;3530;1649;116;9447;7558;3;3530
4390;1770;0;1860;111;8849;7079;3;3930;1860;111;8849;7079;3;3930
3899;1890;0;1459;220;9447;7558;3;4060;1459;220;9447;7558;3;4060
3626;1890;0;1649;116;9447;7558;3;3530;1649;116;9447;7558;3;3530
3379;1890;0;1749;95;9447;7558;3;2410;1749;95;9447;7558;3;2410
3740;1892;0;1701;101;9261;7567;7;4620;1701;101;9261;7567;7;4620
3133;2622;0;1755;86;10469;6118;7;4280;1755;86;10469;6118;7;4280
4250;1063;0;1535;165;8521;8871;7;4920;1535;165;8521;8871;7;4920
4250;1063;0;1514;186;9360;8037;7;4680;1514;186;9360;8037;7;4680
3750;938;0;1266;234;8521;9926;7;4570;1266;234;8521;9926;7;4570
4750;1188;0;1811;89;8521;7815;7;5560;1811;89;8521;7815;7;5560
4690;1172;0;1378;322;8521;8405;7;5490;1378;322;8521;8405;7;5490
4250;1063;0;1535;165;8521;8871;7;4920;1535;165;8521;8871;7;4920
3886;971;0;1579;121;8521;9257;7;3490;1579;121;8521;9257;7;3490
5313;0;0;1418;282;8521;8937;7;4690;1418;282;8521;8937;7;4690
4250;1063;0;1535;165;8521;8871;7;4920;1535;165;8521;8871;7;4920
3188;2125;0;1557;143;8521;8804;7;3340;1557;143;8521;8804;7;3340
4018;947;0;1474;114;9468;8521;7;5410;1474;114;9468;8521;7;5410
3626;1890;0;1649;116;9447;7558;7;5590;1649;116;9447;7558;7;5590
3237;2828;0;1838;103;9427;6599;7;4980;1838;103;9427;6599;7;4980
3795;1512;0;1539;159;11343;6050;7;4710;1539;159;11343;6050;7;4710
3626;1890;0;1649;116;9447;7558;7;5590;1649;116;9447;7558;7;5590
2863;2009;0;1447;112;10046;8037;7;3800;1447;112;10046;8037;7;3800
3626;1890;0;1649;116;9447;7558;7;5590;1649;116;9447;7558;7;5590
4390;1770;0;1860;111;8849;7079;7;5610;1860;111;8849;7079;7;5610
3899;1890;0;1459;220;9447;7558;7;5909;1459;220;9447;7558;7;5909
3626;1890;0;1649;116;9447;7558;7;2290;1649;116;9447;7558;7;2290
3379;1890;0;1749;95;9447;7558;7;3510;1749;95;9447;7558;7;3510
3740;1892;0;1701;101;9261;7567;28;6109;1701;101;9261;7567;28;6109
3133;2622;0;1755;86;10469;6118;28;5980;1755;86;10469;6118;28;5980
4250;1063;0;1535;165;8521;8871;28;6029;1535;165;8521;8871;28;6029
4250;1063;0;1514;186;9360;8037;28;6180;1514;186;9360;8037;28;6180
3750;938;0;1266;234;8521;9926;28;5670;1266;234;8521;9926;28;5670
4750;1188;0;1811;89;8521;7815;28;6830;1811;89;8521;7815;28;6830
4690;1172;0;1378;322;8521;8405;28;6690;1378;322;8521;8405;28;6690
4250;1063;0;1535;165;8521;8871;28;6029;1535;165;8521;8871;28;6029
3886;971;0;1579;121;8521;9257;28;5070;1579;121;8521;9257;28;5070
5313;0;0;1418;282;8521;8937;28;5640;1418;282;8521;8937;28;5640
4250;1063;0;1535;165;8521;8871;28;6029;1535;165;8521;8871;28;6029
3188;2125;0;1557;143;8521;8804;28;5550;1557;143;8521;8804;28;5550
4018;947;0;1474;114;9468;8521;28;6850;1474;114;9468;8521;28;6850
3626;1890;0;1649;116;9447;7558;28;7130;1649;116;9447;7558;28;7130
3237;2828;0;1838;103;9427;6599;28;7470;1838;103;9427;6599;28;7470
3795;1512;0;1539;159;11343;6050;28;5220;1539;159;11343;6050;28;5220
3626;1890;0;1649;116;9447;7558;28;7130;1649;116;9447;7558;28;7130
2863;2009;0;1447;112;10046;8037;28;6770;1447;112;10046;8037;28;6770
3626;1890;0;1649;116;9447;7558;28;7130;1649;116;9447;7558;28;7130
4390;1770;0;1860;111;8849;7079;28;6600;1860;111;8849;7079;28;6600
3899;1890;0;1459;220;9447;7558;28;7450;1459;220;9447;7558;28;7450
3626;1890;0;1649;116;9447;7558;28;7130;1649;116;9447;7558;28;7130
3379;1890;0;1749;95;9447;7558;28;4990;1749;95;9447;7558;28;4990
3740;1892;0;1701;101;9261;7567;56;6340;1701;101;9261;7567;56;6340
3133;2622;0;1755;86;10469;6118;56;6490;1755;86;10469;6118;56;6490
4250;1063;0;1535;165;8521;8871;56;6430;1535;165;8521;8871;56;6430
4250;1063;0;1514;186;9360;8037;56;6490;1514;186;9360;8037;56;6490
3750;938;0;1266;234;8521;9926;56;6020;1266;234;8521;9926;56;6020
4750;1188;0;1811;89;8521;7815;56;7230;1811;89;8521;7815;56;7230
4690;1172;0;1378;322;8521;8405;56;6930;1378;322;8521;8405;56;6930
4250;1063;0;1535;165;8521;8871;56;6430;1535;165;8521;8871;56;6430
3886;971;0;1579;121;8521;9257;56;5520;1579;121;8521;9257;56;5520
5313;0;0;1418;282;8521;8937;56;5880;1418;282;8521;8937;56;5880
4250;1063;0;1535;165;8521;8871;56;6430;1535;165;8521;8871;56;6430
3188;2125;0;1557;143;8521;8804;56;6610;1557;143;8521;8804;56;6610
4018;947;0;1474;114;9468;8521;56;7370;1474;114;9468;8521;56;7370
3626;1890;0;1649;116;9447;7558;56;7730;1649;116;9447;7558;56;7730
3237;2828;0;1838;103;9427;6599;56;8020;1838;103;9427;6599;56;8020
3795;1512;0;1539;159;11343;6050;56;5490;1539;159;11343;6050;56;5490
3626;1890;0;1649;116;9447;7558;56;7730;1649;116;9447;7558;56;7730
2863;2009;0;1447;112;10046;8037;56;7299;1447;112;10046;8037;56;7299
3626;1890;0;1649;116;9447;7558;56;7730;1649;116;9447;7558;56;7730
4390;1770;0;1860;111;8849;7079;56;7170;1860;111;8849;7079;56;7170
3899;1890;0;1459;220;9447;7558;56;7940;1459;220;9447;7558;56;7940
3626;1890;0;1649;116;9447;7558;56;7730;1649;116;9447;7558;56;7730
3379;1890;0;1749;95;9447;7558;56;5989;1749;95;9447;7558;56;5989
3740;1892;0;1701;101;9261;7567;91;6490;1701;101;9261;7567;91;6490
3133;2622;0;1755;86;10469;6118;91;6660;1755;86;10469;6118;91;6660
4250;1063;0;1535;165;8521;8871;91;6520;1535;165;8521;8871;91;6520
4250;1063;0;1514;186;9360;8037;91;6670;1514;186;9360;8037;91;6670
3750;938;0;1266;234;8521;9926;91;6250;1266;234;8521;9926;91;6250
4750;1188;0;1811;89;8521;7815;91;7419;1811;89;8521;7815;91;7419
4690;1172;0;1378;322;8521;8405;91;7070;1378;322;8521;8405;91;7070
4250;1063;0;1535;165;8521;8871;91;6520;1535;165;8521;8871;91;6520
3886;971;0;1579;121;8521;9257;91;5760;1579;121;8521;9257;91;5760
5313;0;0;1418;282;8521;8937;91;5920;1418;282;8521;8937;91;5920
4250;1063;0;1535;165;8521;8871;91;6520;1535;165;8521;8871;91;6520
3188;2125;0;1557;143;8521;8804;91;6810;1557;143;8521;8804;91;6810
4018;947;0;1474;114;9468;8521;91;7550;1474;114;9468;8521;91;7550
3626;1890;0;1649;116;9447;7558;91;7930;1649;116;9447;7558;91;7930
3795;1512;0;1539;159;11343;6050;91;5650;1539;159;11343;6050;91;5650
3626;1890;0;1649;116;9447;7558;91;7930;1649;116;9447;7558;91;7930
2863;2009;0;1447;112;10046;8037;91;7680;1447;112;10046;8037;91;7680
3626;1890;0;1649;116;9447;7558;91;7930;1649;116;9447;7558;91;7930
4390;1770;0;1860;111;8849;7079;91;7330;1860;111;8849;7079;91;7330
3899;1890;0;1459;220;9447;7558;91;8260;1459;220;9447;7558;91;8260
3626;1890;0;1649;116;9447;7558;91;7930;1649;116;9447;7558;91;7930
3379;1890;0;1749;95;9447;7558;91;6780;1749;95;9447;7558;91;6780
2224;0;967;1893;45;9671;8703;3;1158;1893;45;9671;8703;3;1158
2224;0;967;1893;45;9671;8703;14;2445;1893;45;9671;8703;14;2445
2224;0;967;1893;45;9671;8703;28;2489;1893;45;9671;8703;28;2489
2224;0;967;1893;45;9671;8703;56;2945;1893;45;9671;8703;56;2945
2224;0;967;1893;45;9671;8703;100;4071;1893;45;9671;8703;100;4071
2338;0;946;1979;46;9470;8522;3;1038;1979;46;9470;8522;3;1038
2338;0;946;1979;46;9470;8522;14;2214;1979;46;9470;8522;14;2214
2338;0;946;1979;46;9470;8522;28;2284;1979;46;9470;8522;28;2284
2338;0;946;1979;46;9470;8522;56;2766;1979;46;9470;8522;56;2766
2338;0;946;1979;46;9470;8522;100;3456;1979;46;9470;8522;100;3456
1947;0;1005;1656;75;10064;9059;3;1245;1656;75;10064;9059;3;1245
1947;0;1005;1656;75;10064;9059;14;2499;1656;75;10064;9059;14;2499
1947;0;1005;1656;75;10064;9059;28;2572;1656;75;10064;9059;28;2572
1947;0;1005;1656;75;10064;9059;56;3396;1656;75;10064;9059;56;3396
1947;0;1005;1656;75;10064;9059;100;3734;1656;75;10064;9059;100;3734
1907;0;1254;1621;78;10900;8040;3;1504;1621;78;10900;8040;3;1504
1907;0;1254;1621;78;10900;8040;14;2106;1621;78;10900;8040;14;2106
1907;0;1254;1621;78;10900;8040;28;2640;1621;78;10900;8040;28;2640
1907;0;1254;1621;78;10900;8040;56;3534;1621;78;10900;8040;56;3534
1907;0;1254;1621;78;10900;8040;100;4057;1621;78;10900;8040;100;4057
2121;0;1216;1803;57;10576;7793;3;1247;1803;57;10576;7793;3;1247
2121;0;1216;1803;57;10576;7793;14;2092;1803;57;10576;7793;14;2092
2121;0;1216;1803;57;10576;7793;28;2490;1803;57;10576;7793;28;2490
2121;0;1216;1803;57;10576;7793;56;3420;1803;57;10576;7793;56;3420
2121;0;1216;1803;57;10576;7793;100;3961;1803;57;10576;7793;100;3961
2300;0;1183;1955;46;10294;7586;3;1003;1955;46;10294;7586;3;1003
2300;0;1183;1955;46;10294;7586;14;2008;1955;46;10294;7586;14;2008
2300;0;1183;1955;46;10294;7586;28;2448;1955;46;10294;7586;28;2448
2300;0;1183;1955;46;10294;7586;56;3154;1955;46;10294;7586;56;3154
2300;0;1183;1955;46;10294;7586;100;3534;1955;46;10294;7586;100;3534
1903;0;1252;1619;99;10881;8026;3;945;1619;99;10881;8026;3;945
1903;0;1252;1619;99;10881;8026;14;2272;1619;99;10881;8026;14;2272
1903;0;1252;1619;99;10881;8026;28;2847;1619;99;10881;8026;28;2847
1903;0;1252;1619;99;10881;8026;56;3856;1619;99;10881;8026;56;3856
1903;0;1252;1619;99;10881;8026;100;4039;1619;99;10881;8026;100;4039
1661;0;1633;1765;45;10586;7801;3;1076;1765;45;10586;7801;3;1076
1661;0;1633;1765;45;10586;7801;14;2548;1765;45;10586;7801;14;2548
1661;0;1633;1765;45;10586;7801;28;2154;1765;45;10586;7801;28;2154
1661;0;1633;1765;45;10586;7801;56;2863;1765;45;10586;7801;56;2863
1661;0;1633;1765;45;10586;7801;100;3354;1765;45;10586;7801;100;3354
1680;421;1638;1218;57;10587;7801;3;775;1218;57;10587;7801;3;775
1680;421;1638;1218;57;10587;7801;14;1782;1218;57;10587;7801;14;1782
1680;421;1638;1218;57;10587;7801;28;2424;1218;57;10587;7801;28;2424
1680;421;1638;1218;57;10587;7801;56;3285;1218;57;10587;7801;56;3285
1680;421;1638;1218;57;10587;7801;100;3923;1218;57;10587;7801;100;3923
2137;981;245;1817;69;10658;7854;3;1800;1817;69;10658;7854;3;1800
2137;981;245;1817;69;10658;7854;14;3039;1817;69;10658;7854;14;3039
2137;981;245;1817;69;10658;7854;28;4571;1817;69;10658;7854;28;4571
2137;981;245;1817;69;10658;7854;56;5077;1817;69;10658;7854;56;5077
2137;981;245;1817;69;10658;7854;100;5390;1817;69;10658;7854;100;5390
2138;981;245;1817;67;10660;7855;3;1318;1817;67;10660;7855;3;1318
2138;981;245;1817;67;10660;7855;14;1784;1817;67;10660;7855;14;1784
2138;981;245;1817;67;10660;7855;28;4023;1817;67;10660;7855;28;4023
2138;981;245;1817;67;10660;7855;56;4713;1817;67;10660;7855;56;4713
2138;981;245;1817;67;10660;7855;100;4997;1817;67;10660;7855;100;4997
2297;0;1182;1952;61;10281;7576;3;1336;1952;61;10281;7576;3;1336
2297;0;1182;1952;61;10281;7576;14;2232;1952;61;10281;7576;14;2232
2297;0;1182;1952;61;10281;7576;28;2454;1952;61;10281;7576;28;2454
2297;0;1182;1952;61;10281;7576;56;3135;1952;61;10281;7576;56;3135
2297;0;1182;1952;61;10281;7576;100;4086;1952;61;10281;7576;100;4086
2381;0;941;1867;70;9499;8470;3;1993;1867;70;9499;8470;3;1993
2381;0;941;1867;70;9499;8470;14;2569;1867;70;9499;8470;14;2569
2381;0;941;1867;70;9499;8470;28;3023;1867;70;9499;8470;28;3023
2381;0;941;1867;70;9499;8470;56;3959;1867;70;9499;8470;56;3959
2381;0;941;1867;70;9499;8470;100;4430;1867;70;9499;8470;100;4430
2500;0;957;1874;55;9569;8612;3;1382;1874;55;9569;8612;3;1382
2500;0;957;1874;55;9569;8612;14;2492;1874;55;9569;8612;14;2492
2500;0;957;1874;55;9569;8612;28;2922;1874;55;9569;8612;28;2922
2500;0;957;1874;55;9569;8612;56;3833;1874;55;9569;8612;56;3833
2500;0;957;1874;55;9569;8612;100;4235;1874;55;9569;8612;100;4235
2125;0;1004;1593;87;10078;9036;3;1354;1593;87;10078;9036;3;1354
2125;0;1004;1593;87;10078;9036;14;2631;1593;87;10078;9036;14;2631
2125;0;1004;1593;87;10078;9036;28;3164;1593;87;10078;9036;28;3164
2125;0;1004;1593;87;10078;9036;56;4255;1593;87;10078;9036;56;4255
2125;0;1004;1593;87;10078;9036;100;4292;1593;87;10078;9036;100;4292
2126;0;1004;1594;104;10038;9038;3;1333;1594;104;10038;9038;3;1333
2126;0;1004;1594;104;10038;9038;14;2537;1594;104;10038;9038;14;2537
2126;0;1004;1594;104;10038;9038;28;3740;1594;104;10038;9038;28;3740
2126;0;1004;1594;104;10038;9038;56;4440;1594;104;10038;9038;56;4440
2126;0;1004;1594;104;10038;9038;100;4774;1594;104;10038;9038;100;4774
2120;0;1248;1590;78;10854;7995;3;1952;1590;78;10854;7995;3;1952
2120;0;1248;1590;78;10854;7995;14;3135;1590;78;10854;7995;14;3135
2120;0;1248;1590;78;10854;7995;28;3850;1590;78;10854;7995;28;3850
2120;0;1248;1590;78;10854;7995;56;4508;1590;78;10854;7995;56;4508
2120;0;1248;1590;78;10854;7995;100;4782;1590;78;10854;7995;100;4782
2318;0;1216;1740;67;10564;7785;3;1544;1740;67;10564;7785;3;1544
2318;0;1216;1740;67;10564;7785;14;2677;1740;67;10564;7785;14;2677
2318;0;1216;1740;67;10564;7785;28;3373;1740;67;10564;7785;28;3373
2318;0;1216;1740;67;10564;7785;56;4270;1740;67;10564;7785;56;4270
2318;0;1216;1740;67;10564;7785;100;4584;1740;67;10564;7785;100;4584
2514;0;1183;1885;58;10284;7577;3;1722;1885;58;10284;7577;3;1722
2514;0;1183;1885;58;10284;7577;14;2993;1885;58;10284;7577;14;2993
2514;0;1183;1885;58;10284;7577;28;2965;1885;58;10284;7577;28;2965
2514;0;1183;1885;58;10284;7577;56;3697;1885;58;10284;7577;56;3697
2514;0;1183;1885;58;10284;7577;100;4358;1885;58;10284;7577;100;4358
2514;0;1183;1885;64;10284;7577;3;1312;1885;64;10284;7577;3;1312
2514;0;1183;1885;64;10284;7577;14;2443;1885;64;10284;7577;14;2443
2514;0;1183;1885;64;10284;7577;28;3266;1885;64;10284;7577;28;3266
2514;0;1183;1885;64;10284;7577;56;3664;1885;64;10284;7577;56;3664
2514;0;1183;1885;64;10284;7577;100;4421;1885;64;10284;7577;100;4421
1814;0;1670;1696;76;10556;7778;3;1362;1696;76;10556;7778;3;1362
1814;0;1670;1696;76;10556;7778;14;2160;1696;76;10556;7778;14;2160
1814;0;1670;1696;76;10556;7778;28;2777;1696;76;10556;7778;28;2777
1814;0;1670;1696;76;10556;7778;56;3557;1696;76;10556;7778;56;3557
1814;0;1670;1696;76;10556;7778;100;4537;1696;76;10556;7778;100;4537
1820;452;1220;1702;82;10594;7807;3;732;1702;82;10594;7807;3;732
1820;452;1220;1702;82;10594;7807;14;2150;1702;82;10594;7807;14;2150
1820;452;1220;1702;82;10594;7807;28;3127;1702;82;10594;7807;28;3127
1820;452;1220;1702;82;10594;7807;56;4350;1702;82;10594;7807;56;4350
1820;452;1220;1702;82;10594;7807;100;4867;1702;82;10594;7807;100;4867
1689;422;1243;1583;108;10808;7962;3;740;1583;108;10808;7962;3;740
1689;422;1243;1583;108;10808;7962;14;2351;1583;108;10808;7962;14;2351
1689;422;1243;1583;108;10808;7962;28;3112;1583;108;10808;7962;28;3112
1689;422;1243;1583;108;10808;7962;56;3915;1583;108;10808;7962;56;3915
1689;422;1243;1583;108;10808;7962;100;4815;1583;108;10808;7962;100;4815
2904;0;962;1681;94;9612;8650;3;2250;1681;94;9612;8650;3;2250
2904;0;962;1681;94;9612;8650;14;3467;1681;94;9612;8650;14;3467
2904;0;962;1681;94;9612;8650;28;3474;1681;94;9612;8650;28;3474
2904;0;962;1681;94;9612;8650;56;4508;1681;94;9612;8650;56;4508
2904;0;962;1681;94;9612;8650;100;4897;1681;94;9612;8650;100;4897
2771;0;974;1606;118;9739;8756;3;2314;1606;118;9739;8756;3;2314
2771;0;974;1606;118;9739;8756;14;4189;1606;118;9739;8756;14;4189
2771;0;974;1606;118;9739;8756;28;4828;1606;118;9739;8756;28;4828
2771;0;974;1606;118;9739;8756;56;5104;1606;118;9739;8756;56;5104
2771;0;974;1606;118;9739;8756;100;5564;1606;118;9739;8756;100;5564
2957;0;956;1715;89;9551;8592;3;2295;1715;89;9551;8592;3;2295
2957;0;956;1715;89;9551;8592;14;3523;1715;89;9551;8592;14;3523
2957;0;956;1715;89;9551;8592;28;3994;1715;89;9551;8592;28;3994
2957;0;956;1715;89;9551;8592;56;4872;1715;89;9551;8592;56;4872
2957;0;956;1715;89;9551;8592;100;5204;1715;89;9551;8592;100;5204
2518;0;999;1461;124;10060;8998;3;2102;1461;124;10060;8998;3;2102
2518;0;999;1461;124;10060;8998;14;3336;1461;124;10060;8998;14;3336
2518;0;999;1461;124;10060;8998;28;3394;1461;124;10060;8998;28;3394
2518;0;999;1461;124;10060;8998;56;4414;1461;124;10060;8998;56;4414
2518;0;999;1461;124;10060;8998;100;4537;1461;124;10060;8998;100;4537
2491;0;988;1581;128;9878;8890;3;1536;1581;128;9878;8890;3;1536
2491;0;988;1581;128;9878;8890;14;2868;1581;128;9878;8890;14;2868
2491;0;988;1581;128;9878;8890;28;3085;1581;128;9878;8890;28;3085
2491;0;988;1581;128;9878;8890;56;4203;1581;128;9878;8890;56;4203
2491;0;988;1581;128;9878;8890;100;5106;1581;128;9878;8890;100;5106
2523;0;988;1463;142;9878;8890;3;2178;1463;142;9878;8890;3;2178
2523;0;988;1463;142;9878;8890;14;4229;1463;142;9878;8890;14;4229
2523;0;988;1463;142;9878;8890;28;5060;1463;142;9878;8890;28;5060
2523;0;988;1463;142;9878;8890;56;5583;1463;142;9878;8890;56;5583
2523;0;988;1463;142;9878;8890;100;6095;1463;142;9878;8890;100;6095
2468;0;1251;1433;120;10868;8009;3;2352;1433;120;10868;8009;3;2352
2468;0;1251;1433;120;10868;8009;14;4222;1433;120;10868;8009;14;4222
2468;0;1251;1433;120;10868;8009;28;5250;1433;120;10868;8009;28;5250
2468;0;1251;1433;120;10868;8009;56;6032;1433;120;10868;8009;56;6032
2468;0;1251;1433;120;10868;8009;100;6642;1433;120;10868;8009;100;6642
2751;0;1214;1595;99;10536;7775;3;2380;1595;99;10536;7775;3;2380
2751;0;1214;1595;99;10536;7775;14;3877;1595;99;10536;7775;14;3877
2751;0;1214;1595;99;10536;7775;28;5133;1595;99;10536;7775;28;5133
2751;0;1214;1595;99;10536;7775;56;5685;1595;99;10536;7775;56;5685
2751;0;1214;1595;99;10536;7775;100;5861;1595;99;10536;7775;100;5861
2972;0;1175;1748;95;10228;7535;3;2191;1748;95;10228;7535;3;2191
2972;0;1175;1748;95;10228;7535;14;3699;1748;95;10228;7535;14;3699
2972;0;1175;1748;95;10228;7535;28;4740;1748;95;10228;7535;28;4740
2972;0;1175;1748;95;10228;7535;56;5196;1748;95;10228;7535;56;5196
2972;0;1175;1748;95;10228;7535;100;5674;1748;95;10228;7535;100;5674
2137;0;1747;1548;102;10535;7764;3;1757;1548;102;10535;7764;3;1757
2137;0;1747;1548;102;10535;7764;14;3373;1548;102;10535;7764;14;3373
2137;0;1747;1548;102;10535;7764;28;4015;1548;102;10535;7764;28;4015
2137;0;1747;1548;102;10535;7764;56;4664;1548;102;10535;7764;56;4664
2137;0;1747;1548;102;10535;7764;100;5008;1548;102;10535;7764;100;5008
2135;0;1742;1546;117;10523;7755;3;1737;1546;117;10523;7755;3;1737
2135;0;1742;1546;117;10523;7755;14;3370;1546;117;10523;7755;14;3370
2135;0;1742;1546;117;10523;7755;28;4594;1546;117;10523;7755;28;4594
2135;0;1742;1546;117;10523;7755;56;5143;1546;117;10523;7755;56;5143
2135;0;1742;1546;117;10523;7755;100;5930;1546;117;10523;7755;100;5930
2772;978;245;1607;112;10617;7825;3;3045;1607;112;10617;7825;3;3045
2772;978;245;1607;112;10617;7825;14;4771;1607;112;10617;7825;14;4771
2772;978;245;1607;112;10617;7825;28;6314;1607;112;10617;7825;28;6314
2772;978;245;1607;112;10617;7825;56;6682;1607;112;10617;7825;56;6682
2772;978;245;1607;112;10617;7825;100;6695;1607;112;10617;7825;100;6695
2182;546;1238;1408;119;10757;7927;3;2742;1408;119;10757;7927;3;2742
2182;546;1238;1408;119;10757;7927;14;3596;1408;119;10757;7927;14;3596
2182;546;1238;1408;119;10757;7927;28;5551;1408;119;10757;7927;28;5551
2182;546;1238;1408;119;10757;7927;56;6199;1408;119;10757;7927;56;6199
2182;546;1238;1408;119;10757;7927;100;6353;1408;119;10757;7927;100;6353
2149;538;1219;1556;96;10143;7806;3;1802;1556;96;10143;7806;3;1802
2149;538;1219;1556;96;10143;7806;14;3860;1556;96;10143;7806;14;3860
2149;538;1219;1556;96;10143;7806;28;5220;1556;96;10143;7806;28;5220
2149;538;1219;1556;96;10143;7806;56;5396;1556;96;10143;7806;56;5396
2149;538;1219;1556;96;10143;7806;100;5663;1556;96;10143;7806;100;5663
2189;0;1241;1585;113;10787;7949;3;1534;1585;113;10787;7949;3;1534
2189;0;1241;1585;113;10787;7949;14;2605;1585;113;10787;7949;14;2605
2189;0;1241;1585;113;10787;7949;28;3022;1585;113;10787;7949;28;3022
2189;0;1241;1585;113;10787;7949;56;3727;1585;113;10787;7949;56;3727
2189;0;1241;1585;113;10787;7949;100;4623;1585;113;10787;7949;100;4623
3760;0;0;2146;0;10035;7624;3;1628;2146;0;10035;7624;3;1628
3760;0;0;2146;0;10035;7624;14;2562;2146;0;10035;7624;14;2562
3760;0;0;2146;0;10035;7624;28;3197;2146;0;10035;7624;28;3197
3760;0;0;2146;0;10035;7624;56;3630;2146;0;10035;7624;56;3630
3760;0;0;2146;0;10035;7624;100;4306;2146;0;10035;7624;100;4306
5000;0;0;1400;40;9660;8530;28;6757;1400;40;9660;8530;28;6757
4750;0;590;1420;19;10980;6410;28;5723;1420;19;10980;6410;28;5723
3150;1370;0;1450;59;11300;7450;28;8175;1450;59;11300;7450;28;8175
5050;0;600;1950;0;10300;6300;28;6402;1950;0;10300;6300;28;6402
4510;0;0;1650;113;10300;7450;28;7880;1650;113;10300;7450;28;7880
5160;0;0;1620;82;8010;8020;28;4137;1620;82;8010;8020;28;4137
5200;0;0;1700;52;8550;8550;28;6028;1700;52;8550;8550;28;6028
5280;0;0;1850;69;9200;7200;28;5683;1850;69;9200;7200;28;5683
5200;0;0;1750;52;8700;8050;28;5102;1750;52;8700;8050;28;5102
3850;0;1360;1580;200;9030;7680;28;5555;1580;200;9030;7680;28;5555
5001;0;0;2000;30;11244;6132;28;4413;2000;30;11244;6132;28;4413
4501;500;0;2000;30;11244;6132;28;3938;2000;30;11244;6132;28;3938
3970;172;1580;1670;208;9670;6330;28;5565;1670;208;9670;6330;28;5565
3330;175;1630;1670;179;9960;6520;28;4728;1670;179;9960;6520;28;4728
3340;176;1580;1890;153;9670;6330;28;4433;1890;153;9670;6330;28;4433
4050;0;0;1750;0;11200;6950;28;5230;1750;0;11200;6950;28;5230
2000;2000;0;1900;0;11450;6600;28;4925;1900;0;11450;6600;28;4925
5160;0;0;1620;83;8010;8020;28;4137;1620;83;8010;8020;28;4137
1450;1160;1190;1840;57;8330;8800;28;2916;1840;57;8330;8800;28;2916
1600;1280;1220;1820;64;8240;8790;28;3940;1820;64;8240;8790;28;3940
2340;1560;0;1890;59;9810;7600;28;3930;1890;59;9810;7600;28;3930
2500;1800;950;1590;95;8600;8000;28;6787;1590;95;8600;8000;28;6787
4750;0;0;1620;95;10440;6620;28;5852;1620;95;10440;6620;28;5852
2850;1900;0;1630;76;10310;6850;28;5358;1630;76;10310;6850;28;5358
3560;1190;0;1600;90;10610;6570;28;5900;1600;90;10610;6570;28;5900
2750;1800;1200;1620;104;8300;7650;28;7624;1620;104;8300;7650;28;7624
5000;0;0;1510;90;10330;6550;28;6984;1510;90;10330;6550;28;6984
1650;0;1436;1638;0;10056;9009;3;1440;1638;0;10056;9009;3;1440
1650;1285;1321;1751;81;10058;7466;3;1942;1751;81;10058;7466;3;1942
1780;1298;1186;1799;36;10073;7468;3;2073;1799;36;10073;7468;3;2073
1674;1299;1286;1755;78;10063;7466;3;1494;1755;78;10063;7466;3;1494
1724;136;1724;1568;41;10063;8564;3;2129;1568;41;10063;8564;3;2129
1735;501;1735;1648;65;10062;7935;3;2308;1648;65;10062;7935;3;2308
1670;754;1670;1640;79;10073;7701;3;1552;1640;79;10073;7701;3;1552
1738;934;1599;1723;97;10072;7466;3;1582;1723;97;10072;7466;3;1582
1903;0;1252;1666;99;10790;7989;3;1255;1666;99;10790;7989;3;1255
2500;0;957;1918;53;9489;8572;3;849;1918;53;9489;8572;3;849
2135;0;1742;1592;117;10436;7719;3;1561;1592;117;10436;7719;3;1561
1947;0;1005;1702;75;9980;9018;3;1218;1702;75;9980;9018;3;1218
2514;0;1183;1929;58;10436;7543;3;1198;1929;58;10436;7543;3;1198
1650;0;1436;1638;0;10056;9009;14;1688;1638;0;10056;9009;14;1688
1650;1285;1321;1751;81;10058;7466;14;3309;1751;81;10058;7466;14;3309
1780;1298;1186;1799;36;10073;7468;14;3424;1799;36;10073;7468;14;3424
1674;1299;1286;1755;78;10063;7466;14;3181;1755;78;10063;7466;14;3181
1724;136;1724;1568;41;10063;8564;14;2975;1568;41;10063;8564;14;2975
1735;501;1735;1648;65;10062;7935;14;3301;1648;65;10062;7935;14;3301
1670;754;1670;1640;79;10073;7701;14;3290;1640;79;10073;7701;14;3290
1738;934;1599;1723;97;10072;7466;14;2955;1723;97;10072;7466;14;2955
1903;0;1252;1666;99;10790;7989;14;1942;1666;99;10790;7989;14;1942
2500;0;957;1918;53;9489;8572;14;2466;1918;53;9489;8572;14;2466
2135;0;1742;1592;117;10436;7719;14;2959;1592;117;10436;7719;14;2959
1947;0;1005;1702;75;9980;9018;14;2428;1702;75;9980;9018;14;2428
2514;0;1183;1929;58;10436;7543;14;2073;1929;58;10436;7543;14;2073
1650;0;1436;1638;0;10056;9009;28;2620;1638;0;10056;9009;28;2620
1650;1285;1321;1751;81;10058;7466;28;4639;1751;81;10058;7466;28;4639
1780;1298;1186;1799;36;10073;7468;28;3916;1799;36;10073;7468;28;3916
1674;1299;1286;1755;78;10063;7466;28;4120;1755;78;10063;7466;28;4120
1724;136;1724;1568;41;10063;8564;28;3369;1568;41;10063;8564;28;3369
1735;501;1735;1648;65;10062;7935;28;3820;1648;65;10062;7935;28;3820
1670;754;1670;1640;79;10073;7701;28;4141;1640;79;10073;7701;28;4141
1738;934;1599;1723;97;10072;7466;28;3781;1723;97;10072;7466;28;3781
1903;0;1252;1666;99;10790;7989;28;2485;1666;99;10790;7989;28;2485
2500;0;957;1918;53;9489;8572;28;2722;1918;53;9489;8572;28;2722
2135;0;1742;1592;117;10436;7719;28;4464;1592;117;10436;7719;28;4464
1947;0;1005;1702;75;9980;9018;28;3727;1702;75;9980;9018;28;3727
2514;0;1183;1929;58;10436;7543;28;3327;1929;58;10436;7543;28;3327
1650;0;1436;1638;0;10056;9009;56;3656;1638;0;10056;9009;56;3656
1650;1285;1321;1751;81;10058;7466;56;5372;1751;81;10058;7466;56;5372
1780;1298;1186;1799;36;10073;7468;56;4859;1799;36;10073;7468;56;4859
1674;1299;1286;1755;78;10063;7466;56;5172;1755;78;10063;7466;56;5172
1724;136;1724;1568;41;10063;8564;56;3585;1568;41;10063;8564;56;3585
1735;501;1735;1648;65;10062;7935;56;5377;1648;65;10062;7935;56;5377
1670;754;1670;1640;79;10073;7701;56;5346;1640;79;10073;7701;56;5346
1738;934;1599;1723;97;10072;7466;56;4899;1723;97;10072;7466;56;4899
1903;0;1252;1666;99;10790;7989;56;3172;1666;99;10790;7989;56;3172
2500;0;957;1918;53;9489;8572;56;3964;1918;53;9489;8572;56;3964
2135;0;1742;1592;117;10436;7719;56;5126;1592;117;10436;7719;56;5126
1947;0;1005;1702;75;9980;9018;56;4339;1702;75;9980;9018;56;4339
2514;0;1183;1929;58;10436;7543;56;3927;1929;58;10436;7543;56;3927
1650;0;1436;1638;0;10056;9009;100;3796;1638;0;10056;9009;100;3796
1650;1285;1321;1751;81;10058;7466;100;5502;1751;81;10058;7466;100;5502
1780;1298;1186;1799;36;10073;7468;100;4999;1799;36;10073;7468;100;4999
1674;1299;1286;1755;78;10063;7466;100;5366;1755;78;10063;7466;100;5366
1724;136;1724;1568;41;10063;8564;100;3768;1568;41;10063;8564;100;3768
1735;501;1735;1648;65;10062;7935;100;5606;1648;65;10062;7935;100;5606
1670;754;1670;1640;79;10073;7701;100;5681;1640;79;10073;7701;100;5681
1738;934;1599;1723;97;10072;7466;100;5094;1723;97;10072;7466;100;5094
1903;0;1252;1666;99;10790;7989;100;3356;1666;99;10790;7989;100;3356
2500;0;957;1918;53;9489;8572;100;4116;1918;53;9489;8572;100;4116
2135;0;1742;1592;117;10436;7719;100;5296;1592;117;10436;7719;100;5296
1947;0;1005;1702;75;9980;9018;100;4428;1702;75;9980;9018;100;4428
2514;0;1183;1929;58;10436;7543;100;4015;1929;58;10436;7543;100;4015
4460;240;790;1620;116;9670;7120;28;5703;1620;116;9670;7120;28;5703
4460;240;790;1620;116;9670;7120;28;4442;1620;116;9670;7120;28;4442
4460;240;790;1620;116;9670;7120;28;5102;1620;116;9670;7120;28;5102
4460;240;790;1620;103;9670;7120;28;5339;1620;103;9670;7120;28;5339
4460;240;790;1620;116;9670;7120;3;3536;1620;116;9670;7120;3;3536
4460;240;790;1620;116;9670;7120;3;2502;1620;116;9670;7120;3;2502
4460;240;790;1620;116;9670;7120;3;2335;1620;116;9670;7120;3;2335
4460;240;790;1620;116;9670;7120;7;5201;1620;116;9670;7120;7;5201
4460;240;790;1620;116;9670;7120;7;3802;1620;116;9670;7120;7;3802
4460;240;790;1620;116;9670;7120;7;3930;1620;116;9670;7120;7;3930
4460;240;790;1620;116;9670;7120;56;6107;1620;116;9670;7120;56;6107
4460;240;790;1620;116;9670;7120;56;5614;1620;116;9670;7120;56;5614
4460;240;790;1620;116;9670;7120;56;5525;1620;116;9670;7120;56;5525
4460;240;790;1620;103;9670;7120;56;5477;1620;103;9670;7120;56;5477
3870;200;940;1570;143;9380;8450;28;5024;1570;143;9380;8450;28;5024
3870;200;940;1570;139;9380;8450;28;4668;1570;139;9380;8450;28;4668
3870;200;940;1570;116;9380;8450;28;4668;1570;116;9380;8450;28;4668
3870;200;940;1570;143;9380;8450;3;2275;1570;143;9380;8450;3;2275
3870;200;940;1570;139;9380;8450;3;2551;1570;139;9380;8450;3;2551
3870;200;940;1570;116;9380;8450;3;3477;1570;116;9380;8450;3;3477
3870;200;940;1570;143;9380;8450;7;3684;1570;143;9380;8450;7;3684
3870;200;940;1570;139;9380;8450;7;4590;1570;139;9380;8450;7;4590
3870;200;940;1570;116;9380;8450;7;4167;1570;116;9380;8450;7;4167
3870;200;940;1570;143;9380;8450;56;5634;1570;143;9380;8450;56;5634
3870;200;940;1570;139;9380;8450;56;4797;1570;139;9380;8450;56;4797
3870;200;940;1570;116;9380;8450;56;6146;1570;116;9380;8450;56;6146
3550;190;970;1450;131;9670;8710;28;4403;1450;131;9670;8710;28;4403
3550;190;970;1450;123;9670;8710;28;5545;1450;123;9670;8710;28;5545
4910;260;1230;2100;39;8820;6990;28;5555;2100;39;8820;6990;28;5555
4910;260;1230;2010;39;8220;6990;28;5792;2010;39;8220;6990;28;5792
4910;260;1230;2100;39;8820;6990;3;2561;2100;39;8820;6990;3;2561
4910;260;1230;2100;39;8820;6990;7;3349;2100;39;8820;6990;7;3349
4910;260;1230;2100;39;8820;6990;56;5959;2100;39;8820;6990;56;5959
4910;260;1230;2010;39;8220;6990;3;2955;2010;39;8220;6990;3;2955
4910;260;1230;2010;39;8220;6990;7;3792;2010;39;8220;6990;7;3792
4910;260;1230;2010;39;8220;6990;56;6186;2010;39;8220;6990;56;6186
4240;220;1320;1780;85;8220;7500;28;6205;1780;85;8220;7500;28;6205
4240;220;1320;1780;85;8820;7500;3;3201;1780;85;8820;7500;3;3201
4240;220;1320;1680;89;8220;7500;28;7210;1680;89;8220;7500;28;7210
4240;220;1320;1780;85;8220;7500;7;3900;1780;85;8220;7500;7;3900
4240;220;1320;1780;85;8220;7500;56;6570;1780;85;8220;7500;56;6570
4240;220;1320;1680;89;8220;7500;3;3211;1680;89;8220;7500;3;3211
4240;220;1320;1680;89;8220;7500;7;4029;1680;89;8220;7500;7;4029
4240;220;1320;1680;89;8220;7500;56;7436;1680;89;8220;7500;56;7436
2020;110;1410;2060;17;9420;8010;28;2197;2060;17;9420;8010;28;2197
2020;110;1410;2060;17;9420;8010;3;985;2060;17;9420;8010;3;985
2020;110;1410;2060;17;9420;8010;7;1507;2060;17;9420;8010;7;1507
2020;110;1410;2060;17;9420;8010;56;2325;2060;17;9420;8010;56;2325
2840;150;1410;1790;55;8420;8010;28;4373;1790;55;8420;8010;28;4373
2840;150;1410;1790;55;8420;8010;3;1340;1790;55;8420;8010;3;1340
2840;150;1410;1790;55;8420;8010;7;2413;1790;55;8420;8010;7;2413
2840;150;1410;1790;55;8420;8010;56;4452;1790;55;8420;8010;56;4452
3590;190;1410;1540;109;9420;8010;28;6294;1540;109;9420;8010;28;6294
3590;190;1410;1540;109;9420;8010;28;5949;1540;109;9420;8010;28;5949
3590;190;1410;1540;109;9420;8010;3;2512;1540;109;9420;8010;3;2512
3590;190;1410;1540;109;9420;8010;3;2364;1540;109;9420;8010;3;2364
3590;190;1410;1540;109;9420;8010;7;3575;1540;109;9420;8010;7;3575
3590;190;1410;1540;109;9420;8010;7;3861;1540;109;9420;8010;7;3861
3590;190;1410;1540;109;9420;8010;56;6875;1540;109;9420;8010;56;6875
3590;190;1410;1540;109;9420;8010;56;6678;1540;109;9420;8010;56;6678
4360;0;0;2180;0;8384;7197;28;2385;2180;0;8384;7197;28;2385
2890;0;0;1920;0;9132;8953;90;3207;1920;0;9132;8953;90;3207
2890;0;0;1920;0;9132;8953;3;1165;1920;0;9132;8953;3;1165
3930;0;0;1920;0;9406;7856;3;1920;1920;0;9406;7856;3;1920
3930;0;0;1920;0;9406;7856;90;4885;1920;0;9406;7856;90;4885
3930;0;0;1920;0;9406;7856;28;3960;1920;0;9406;7856;28;3960
4800;0;0;1920;0;9362;7122;28;4394;1920;0;9362;7122;28;4394
4800;0;0;1920;0;9362;7122;7;3457;1920;0;9362;7122;7;3457
4800;0;0;1920;0;9362;7122;90;5432;1920;0;9362;7122;90;5432
4800;0;0;1920;0;9362;7122;3;2440;1920;0;9362;7122;3;2440
3330;0;0;1920;0;9312;8426;3;1562;1920;0;9312;8426;3;1562
2550;0;0;1920;0;8898;9450;90;2186;1920;0;8898;9450;90;2186
2550;0;0;1920;0;8898;9450;7;1022;1920;0;8898;9450;7;1022
2890;0;0;1920;0;9132;8953;7;1460;1920;0;9132;8953;7;1460
2550;0;0;1920;0;8898;9450;28;1875;1920;0;8898;9450;28;1875
3330;0;0;1920;0;9312;8426;28;3197;1920;0;9312;8426;28;3197
3330;0;0;1920;0;9312;8426;7;2340;1920;0;9312;8426;7;2340
2890;0;0;1920;0;9132;8953;28;2557;1920;0;9132;8953;28;2557
3330;0;0;1920;0;9312;8426;90;4168;1920;0;9312;8426;90;4168
3930;0;0;1920;0;9406;7856;7;2774;1920;0;9406;7856;7;2774
2550;0;0;1920;0;8898;9450;3;820;1920;0;8898;9450;3;820
1588;2382;0;1857;0;10406;7343;7;962;1857;0;10406;7343;7;962
2396;3594;0;1857;0;9416;6643;7;2542;1857;0;9416;6643;7;2542
2382;1588;0;1857;0;10406;7343;7;1569;1857;0;10406;7343;7;1569
1819;2728;0;1857;0;10124;7143;28;2794;1857;0;10124;7143;28;2794
1935;2902;0;1857;0;9982;7043;28;3263;1857;0;9982;7043;28;3263
2555;1703;0;1857;0;10266;7243;7;1724;1857;0;10266;7243;7;1724
2728;1819;0;1857;0;10124;7143;7;1977;1857;0;10124;7143;7;1977
2396;3594;0;1857;0;9416;6643;28;3944;1857;0;9416;6643;28;3944
2208;1472;0;1857;0;10550;7443;28;2575;1857;0;10550;7443;28;2575
3970;0;0;1857;0;10406;7343;28;3308;1857;0;10406;7343;28;3308
3825;0;0;1857;0;10478;7393;7;2407;1857;0;10478;7393;7;2407
2107;3161;0;1857;0;9770;6893;7;2182;1857;0;9770;6893;7;2182
1588;2382;0;1857;0;10406;7343;28;2107;1857;0;10406;7343;28;2107
2958;0;0;1857;0;10914;7693;7;1484;1857;0;10914;7693;7;1484
2555;1703;0;1857;0;10266;7243;28;3205;1857;0;10266;7243;28;3205
2035;1357;0;1857;0;10762;7593;7;1196;1857;0;10762;7593;7;1196
3970;0;0;1857;0;10406;7343;7;2545;1857;0;10406;7343;7;2545
3814;0;0;1857;0;11046;7843;28;2249;1857;0;11046;7843;28;2249
2958;0;0;1857;0;10914;7693;28;2522;1857;0;10914;7693;28;2522
2280;3421;0;1857;0;9558;6743;28;3970;1857;0;9558;6743;28;3970
2208;1472;0;1857;0;10550;7443;7;1309;1857;0;10550;7443;7;1309
3161;2107;0;1857;0;9770;6893;28;3870;1857;0;9770;6893;28;3870
1357;2035;0;1857;0;10762;7593;7;751;1857;0;10762;7593;7;751
2381;0;0;1857;0;11188;7893;28;1758;1857;0;11188;7893;28;1758
3392;0;0;1857;0;10692;7543;7;2118;1857;0;10692;7543;7;2118
1357;2035;0;1857;0;10762;7593;28;1820;1857;0;10762;7593;28;1820
1935;2902;0;1857;0;9982;7043;7;1720;1857;0;9982;7043;7;1720
2035;1357;0;1857;0;10762;7593;28;2263;1857;0;10762;7593;28;2263
2902;1935;0;1857;0;9982;7043;7;2186;1857;0;9982;7043;7;2186
1819;2728;0;1857;0;10124;7143;7;1237;1857;0;10124;7143;7;1237
1703;1555;0;1857;0;10266;7243;28;2573;1857;0;10266;7243;28;2573
2107;3161;0;1857;0;9770;6893;28;3781;1857;0;9770;6893;28;3781
2280;3421;0;1857;0;9558;6743;7;2192;1857;0;9558;6743;7;2192
2902;1935;0;1857;0;9982;7043;28;3304;1857;0;9982;7043;28;3304
3814;0;0;1857;0;11046;7843;7;1454;1857;0;11046;7843;7;1454
2382;1588;0;1857;0;10406;7343;28;2691;1857;0;10406;7343;28;2691
1862;1241;0;1857;0;10834;7643;7;800;1857;0;10834;7643;7;800
3392;0;0;1857;0;10692;7543;28;3190;1857;0;10692;7543;28;3190
2381;0;0;1857;0;11188;7893;7;1034;1857;0;11188;7893;7;1034
2525;0;0;1857;0;11116;7843;28;1977;1857;0;11116;7843;28;1977
3825;0;0;1857;0;10478;7393;28;3744;1857;0;10478;7393;28;3744
2525;0;0;1857;0;11116;7843;7;1148;1857;0;11116;7843;7;1148
3161;2107;0;1857;0;9770;6893;7;2444;1857;0;9770;6893;7;2444
1862;1241;0;1857;0;10834;7643;28;1760;1857;0;10834;7643;28;1760
1703;1555;0;1857;0;10266;7243;7;1073;1857;0;10266;7243;7;1073
2728;1819;0;1857;0;10124;7143;28;3138;1857;0;10124;7143;28;3138
3390;0;0;1970;0;9680;7810;3;1322;1970;0;9680;7810;3;1322
3390;0;0;1970;0;9680;7810;7;2097;1970;0;9680;7810;7;2097
3390;0;0;1970;0;9680;7810;14;2704;1970;0;9680;7810;14;2704
3390;0;0;1970;0;9680;7810;28;3204;1970;0;9680;7810;28;3204
3390;0;0;1970;0;9680;7810;90;3517;1970;0;9680;7810;90;3517
3390;0;0;1970;0;9680;7810;180;3645;1970;0;9680;7810;180;3645
3390;0;0;1970;0;9680;7810;365;3889;1970;0;9680;7810;365;3889
2360;0;0;1940;0;9680;8850;3;647;1940;0;9680;8850;3;647
2360;0;0;1940;0;9680;8850;14;1284;1940;0;9680;8850;14;1284
2360;0;0;1940;0;9680;8850;28;1842;1940;0;9680;8850;28;1842
2360;0;0;1940;0;9680;8850;90;2195;1940;0;9680;8850;90;2195
2360;0;0;1930;0;9680;8850;180;2410;1930;0;9680;8850;180;2410
2360;0;0;1930;0;9680;8850;365;2508;1930;0;9680;8850;365;2508
2770;0;0;1910;0;9680;8560;14;2126;1910;0;9680;8560;14;2126
2770;0;0;1910;0;9680;8560;28;2597;1910;0;9680;8560;28;2597
2770;0;0;1910;0;9680;8560;3;1136;1910;0;9680;8560;3;1136
2770;0;0;1910;0;9680;8560;90;3125;1910;0;9680;8560;90;3125
2770;0;0;1910;0;9680;8560;180;3233;1910;0;9680;8560;180;3233
2770;0;0;1910;0;9680;8560;360;3370;1910;0;9680;8560;360;3370
2540;0;0;1980;0;9680;8630;3;931;1980;0;9680;8630;3;931
2540;0;0;1980;0;9680;8630;90;2694;1980;0;9680;8630;90;2694
2540;0;0;1980;0;9680;8630;180;2763;1980;0;9680;8630;180;2763
2540;0;0;1980;0;9680;8630;365;2979;1980;0;9680;8630;365;2979
3070;0;0;1930;0;9680;8120;180;3449;1930;0;9680;8120;180;3449
3070;0;0;1930;0;9680;8120;365;3615;1930;0;9680;8120;365;3615
3070;0;0;1930;0;9680;8120;3;1254;1930;0;9680;8120;3;1254
3070;0;0;1930;0;9680;8120;28;2753;1930;0;9680;8120;28;2753
3070;0;0;1930;0;9680;8120;90;3292;1930;0;9680;8120;90;3292
2360;0;0;1930;0;9680;8850;7;999;1930;0;9680;8850;7;999
2000;0;0;1800;0;11250;8450;7;784;1800;0;11250;8450;7;784
2000;0;0;1800;0;11250;8450;28;1225;1800;0;11250;8450;28;1225
2250;0;0;1810;0;11130;8330;7;1117;1810;0;11130;8330;7;1117
2250;0;0;1810;0;11130;8330;28;1734;1810;0;11130;8330;28;1734
3250;0;0;1840;0;10630;7830;7;1754;1840;0;10630;7830;7;1754
3250;0;0;1840;0;10630;7830;28;3057;1840;0;10630;7830;28;3057
2750;0;0;1830;0;10880;8080;7;1420;1830;0;10880;8080;7;1420
2750;0;0;1830;0;10880;8080;28;2450;1830;0;10880;8080;28;2450
3000;0;0;1840;0;10750;7950;7;1558;1840;0;10750;7950;7;1558
3000;0;0;1840;0;10750;7950;28;2685;1840;0;10750;7950;28;2685
3750;0;0;1860;0;10380;7580;7;2606;1860;0;10380;7580;7;2606
3750;0;0;1860;0;10380;7580;28;3821;1860;0;10380;7580;28;3821
4000;0;0;1870;0;10250;7450;28;4370;1870;0;10250;7450;28;4370
4000;0;0;1870;0;10250;7450;7;3014;1870;0;10250;7450;7;3014
2500;0;0;1820;0;11000;8200;7;1273;1820;0;11000;8200;7;1273
2500;0;0;1820;0;11000;8200;28;2087;1820;0;11000;8200;28;2087
3500;0;0;1860;0;10500;7700;7;2028;1860;0;10500;7700;7;2028
3500;0;0;1860;0;10500;7700;28;3429;1860;0;10500;7700;28;3429
2035;3053;0;2035;0;9634;6300;7;1954;2035;0;9634;6300;7;1954
2502;1668;0;2035;0;9776;6941;90;4771;2035;0;9776;6941;90;4771
1570;2360;0;1920;0;9354;7812;90;4338;1920;0;9354;7812;90;4338
1413;2120;0;2035;0;9718;7485;28;2989;2035;0;9718;7485;28;2989
1668;2502;0;2035;0;9756;6926;3;690;2035;0;9756;6926;3;690
1226;1839;0;2035;0;9582;8001;90;3319;2035;0;9582;8001;90;3319
1839;1226;0;2035;0;9592;8000;3;490;2035;0;9592;8000;3;490
1020;1530;0;1920;0;8870;9420;3;457;1920;0;8870;9420;3;457
1020;1530;0;1920;0;8870;9420;90;2546;1920;0;8870;9420;90;2546
1226;1839;0;2035;0;9582;8001;28;2429;2035;0;9582;8001;28;2429
1668;2502;0;2035;0;9756;6926;28;3395;2035;0;9756;6926;28;3395
2000;1330;0;1920;0;9654;8062;3;1141;1920;0;9654;8062;3;1141
1083;1624;0;2035;0;9382;8490;28;2059;2035;0;9382;8490;28;2059
3053;2035;0;2035;0;9654;6310;7;2589;2035;0;9654;6310;7;2589
1083;1624;0;2035;0;9382;8490;90;2923;2035;0;9382;8490;90;2923
1160;1730;0;1920;0;9098;8919;90;3102;1920;0;9098;8919;90;3102
1413;2120;0;2035;0;9718;7485;7;1039;2035;0;9718;7485;7;1039
1570;2360;0;1920;0;9354;7812;28;3366;1920;0;9354;7812;28;3366
1330;2000;0;1920;0;9274;8392;28;2787;1920;0;9274;8392;28;2787
2502;1668;0;2035;0;9776;6941;7;1935;2035;0;9776;6941;7;1935
1730;1160;0;1920;0;9468;8568;7;1139;1920;0;9468;8568;7;1139
1920;2880;0;1920;0;9298;7161;3;1279;1920;0;9298;7161;3;1279
1920;2880;0;1920;0;9298;7161;28;3932;1920;0;9298;7161;28;3932
1530;1020;0;1920;0;8880;9431;3;478;1920;0;8880;9431;3;478
2880;1920;0;1920;0;9320;7178;3;1611;1920;0;9320;7178;3;1611
3053;2035;0;2035;0;9654;6310;28;4338;2035;0;9654;6310;28;4338
2360;1570;0;1920;0;9726;7491;7;2042;1920;0;9726;7491;7;2042
1730;1160;0;1920;0;9468;8568;3;694;1920;0;9468;8568;3;694
2120;1413;0;2035;0;9734;7500;7;1503;2035;0;9734;7500;7;1503
2360;1570;0;1920;0;9726;7491;3;1357;1920;0;9726;7491;3;1357
1839;1226;0;2035;0;9592;8000;90;3253;2035;0;9592;8000;90;3253
1668;2502;0;2035;0;9756;6926;7;1575;2035;0;9756;6926;7;1575
1020;1530;0;1920;0;8870;9420;7;768;1920;0;8870;9420;7;768
2880;1920;0;1920;0;9320;7178;28;3880;1920;0;9320;7178;28;3880
2120;1413;0;2035;0;9734;7500;28;3300;2035;0;9734;7500;28;3300
1020;1530;0;1920;0;8870;9420;28;1728;1920;0;8870;9420;28;1728
1730;1160;0;1920;0;9468;8568;28;2428;1920;0;9468;8568;28;2428
1839;1226;0;2035;0;9592;8000;28;2405;2035;0;9592;8000;28;2405
1330;2000;0;1920;0;9274;8392;90;3659;1920;0;9274;8392;90;3659
1920;2880;0;1920;0;9298;7161;90;5073;1920;0;9298;7161;90;5073
1330;2000;0;1920;0;9274;8392;7;1366;1920;0;9274;8392;7;1366
3053;2035;0;2035;0;9654;6310;3;1414;2035;0;9654;6310;3;1414
2360;1570;0;1920;0;9726;7491;90;4778;1920;0;9726;7491;90;4778
1083;1624;0;2035;0;9382;8490;3;233;2035;0;9382;8490;3;233
1570;2360;0;1920;0;9354;7812;7;1689;1920;0;9354;7812;7;1689
2880;1920;0;1920;0;9320;7178;7;2352;1920;0;9320;7178;7;2352
2120;1413;0;2035;0;9734;7500;3;681;2035;0;9734;7500;3;681
2120;1413;0;2035;0;9734;7500;90;3970;2035;0;9734;7500;90;3970
1530;1020;0;1920;0;8880;9431;28;1796;1920;0;8880;9431;28;1796
2360;1570;0;1920;0;9726;7491;28;3288;1920;0;9726;7491;28;3288
1160;1730;0;1920;0;9098;8919;28;2235;1920;0;9098;8919;28;2235
1839;1226;0;2035;0;9592;8000;7;1079;2035;0;9592;8000;7;1079
1083;1624;0;2035;0;9382;8490;7;772;2035;0;9382;8490;7;772
2035;3053;0;2035;0;9634;6300;28;4168;2035;0;9634;6300;28;4168
2035;3053;0;2035;0;9634;6300;3;956;2035;0;9634;6300;3;956
1330;2000;0;1920;0;9274;8392;3;688;1920;0;9274;8392;3;688
2880;1920;0;1920;0;9320;7178;90;5053;1920;0;9320;7178;90;5053
2000;1330;0;1920;0;9654;8062;7;1717;1920;0;9654;8062;7;1717
2000;1330;0;1920;0;9654;8062;28;3044;1920;0;9654;8062;28;3044
2502;1668;0;2035;0;9776;6941;3;973;2035;0;9776;6941;3;973
1226;1839;0;2035;0;9582;8001;3;332;2035;0;9582;8001;3;332
1530;1020;0;1920;0;8880;9431;90;2632;1920;0;8880;9431;90;2632
2000;1330;0;1920;0;9654;8062;90;4325;1920;0;9654;8062;90;4325
1160;1730;0;1920;0;9098;8919;3;628;1920;0;9098;8919;3;628
1730;1160;0;1920;0;9468;8568;90;3210;1920;0;9468;8568;90;3210
2502;1668;0;2035;0;9776;6941;28;3696;2035;0;9776;6941;28;3696
3053;2035;0;2035;0;9654;6310;90;5460;2035;0;9654;6310;90;5460
1920;2880;0;1920;0;9298;7161;7;2148;1920;0;9298;7161;7;2148
1570;2360;0;1920;0;9354;7812;3;969;1920;0;9354;7812;3;969
1530;1020;0;1920;0;8880;9431;7;837;1920;0;8880;9431;7;837
1413;2120;0;2035;0;9718;7485;90;3966;2035;0;9718;7485;90;3966
1160;1730;0;1920;0;9098;8919;7;1009;1920;0;9098;8919;7;1009
1413;2120;0;2035;0;9718;7485;3;483;2035;0;9718;7485;3;483
1226;1839;0;2035;0;9582;8001;7;1035;2035;0;9582;8001;7;1035
1668;2502;0;2035;0;9756;6926;90;4357;2035;0;9756;6926;90;4357
2035;3053;0;2035;0;9634;6300;90;5186;2035;0;9634;6300;90;5186
3100;0;0;1920;0;10120;8300;3;1185;1920;0;10120;8300;3;1185
3100;0;0;1920;0;10120;8300;7;1724;1920;0;10120;8300;7;1724
3100;0;0;1920;0;10120;8300;28;2783;1920;0;10120;8300;28;2783
3100;0;0;1920;0;10120;8300;90;3576;1920;0;10120;8300;90;3576
3100;0;0;1920;0;10120;8300;120;3870;1920;0;10120;8300;120;3870
3310;0;0;1920;0;10250;8210;3;1431;1920;0;10250;8210;3;1431
3310;0;0;1920;0;10250;8210;7;1744;1920;0;10250;8210;7;1744
3310;0;0;1920;0;10250;8210;28;3174;1920;0;10250;8210;28;3174
3310;0;0;1920;0;10250;8210;90;3791;1920;0;10250;8210;90;3791
3310;0;0;1920;0;10250;8210;120;3938;1920;0;10250;8210;120;3938
3490;0;0;1920;0;10560;8090;3;1587;1920;0;10560;8090;3;1587
3490;0;0;1920;0;10560;8090;7;901;1920;0;10560;8090;7;901
3490;0;0;1920;0;10560;8090;28;3361;1920;0;10560;8090;28;3361
3490;0;0;1920;0;10560;8090;90;4066;1920;0;10560;8090;90;4066
3490;0;0;1920;0;10560;8090;120;4086;1920;0;10560;8090;120;4086
2380;0;0;1860;0;11190;7890;7;1205;1860;0;11190;7890;7;1205
2380;0;0;1860;0;11190;7890;28;1754;1860;0;11190;7890;28;1754
2960;0;0;1860;0;10900;7690;7;1891;1860;0;10900;7690;7;1891
2960;0;0;1860;0;10900;7690;28;2518;1860;0;10900;7690;28;2518
2970;0;0;1860;0;10400;7340;7;3096;1860;0;10400;7340;7;3096
4800;0;0;1920;0;9360;7210;28;4389;1920;0;9360;7210;28;4389
4800;0;0;1920;0;9360;7210;90;5428;1920;0;9360;7210;90;5428
3970;0;0;1860;0;10400;7340;28;3694;1860;0;10400;7340;28;3694
2810;0;0;1860;0;11040;7740;7;1450;1860;0;11040;7740;7;1450
2810;0;0;1850;0;11040;7740;28;2244;1850;0;11040;7740;28;2244
5000;0;0;2000;0;11250;6130;1;1264;2000;0;11250;6130;1;1264
5000;0;0;2000;0;11250;6130;3;2606;2000;0;11250;6130;3;2606
5000;0;0;2000;0;11250;6130;7;3321;2000;0;11250;6130;7;3321
5000;0;0;2000;0;11250;6130;14;3694;2000;0;11250;6130;14;3694
5000;0;0;2000;0;11250;6130;28;4409;2000;0;11250;6130;28;4409
5400;0;0;1730;0;11250;6130;7;5261;1730;0;11250;6130;7;5261
5400;0;0;1730;0;11250;6130;14;5976;1730;0;11250;6130;14;5976
5400;0;0;1730;0;11250;6130;28;6731;1730;0;11250;6130;28;6731
5400;0;0;1730;0;11250;6130;90;6966;1730;0;11250;6130;90;6966
5400;0;0;1730;0;11250;6130;180;7162;1730;0;11250;6130;180;7162
5400;0;0;1730;0;11250;6130;270;7417;1730;0;11250;6130;270;7417
3500;0;0;2030;0;9740;7750;7;1813;2030;0;9740;7750;7;1813
3500;0;0;2030;0;9740;7750;14;2253;2030;0;9740;7750;14;2253
3500;0;0;2030;0;9740;7750;28;2734;2030;0;9740;7750;28;2734
3500;0;0;2030;0;9740;7750;56;2998;2030;0;9740;7750;56;2998
3500;0;0;2030;0;9740;7750;90;3135;2030;0;9740;7750;90;3135
3500;0;0;2030;0;9740;7750;180;3272;2030;0;9740;7750;180;3272
3850;0;0;1860;0;9660;7630;1;627;1860;0;9660;7630;1;627
3850;0;0;1860;0;9660;7630;3;1470;1860;0;9660;7630;3;1470
3850;0;0;1860;0;9660;7630;7;2322;1860;0;9660;7630;7;2322
3850;0;0;1860;0;9660;7630;14;2792;1860;0;9660;7630;14;2792
3850;0;0;1860;0;9660;7630;28;3135;1860;0;9660;7630;28;3135
3310;0;0;1920;0;9780;8250;180;3900;1920;0;9780;8250;180;3900
3310;0;0;1920;0;9780;8250;360;4124;1920;0;9780;8250;360;4124
3490;0;0;1920;0;10470;8060;3;1499;1920;0;10470;8060;3;1499
3310;0;0;1920;0;9780;8250;3;1352;1920;0;9780;8250;3;1352
3820;0;0;1860;0;10470;7390;7;2400;1860;0;10470;7390;7;2400
3820;0;0;1860;0;10470;7390;28;3742;1860;0;10470;7390;28;3742
3820;0;0;1860;0;11110;7840;7;1147;1860;0;11110;7840;7;1147
2810;0;0;1860;0;11040;7740;28;2244;1860;0;11040;7740;28;2244
3390;0;0;1850;0;10690;7540;7;2116;1850;0;10690;7540;7;2116
3390;0;0;1850;0;10690;7540;28;3184;1850;0;10690;7540;28;3184
2950;0;0;1850;0;10690;7690;7;1480;1850;0;10690;7690;7;1480
2950;0;0;1850;0;10690;7690;28;2518;1850;0;10690;7690;28;2518
2380;0;0;1850;0;11180;7890;28;1754;1850;0;11180;7890;28;1754
2960;0;0;1920;0;10850;7650;7;1420;1920;0;10850;7650;7;1420
2960;0;0;1920;0;10850;7650;28;2165;1920;0;10850;7650;28;2165
2960;0;0;1920;0;10850;7650;90;2939;1920;0;10850;7650;90;2939
3310;0;0;1920;0;8790;8250;3;1352;1920;0;8790;8250;3;1352
3310;0;0;1920;0;9780;8250;7;1626;1920;0;9780;8250;7;1626
3310;0;0;1920;0;9780;8250;28;3145;1920;0;9780;8250;28;3145
3310;0;0;1920;0;9780;8250;90;3723;1920;0;9780;8250;90;3723
3490;0;0;1920;0;10470;8060;7;1813;1920;0;10470;8060;7;1813
3490;0;0;1920;0;10470;8060;28;3272;1920;0;10470;8060;28;3272
3490;0;0;1920;0;10470;8060;90;3949;1920;0;10470;8060;90;3949
3490;0;0;1920;0;10470;8060;180;4105;1920;0;10470;8060;180;4105
3490;0;0;1920;0;10470;8060;360;4213;1920;0;10470;8060;360;4213
3020;0;0;2030;0;9740;8170;14;1813;2030;0;9740;8170;14;1813
3020;0;0;2030;0;9740;8170;180;2674;2030;0;9740;8170;180;2674
5250;0;0;1890;0;11250;6130;180;6192;1890;0;11250;6130;180;6192
5000;0;0;2000;0;11250;6130;90;4722;2000;0;11250;6130;90;4722
5000;0;0;2000;0;11250;6130;180;5104;2000;0;11250;6130;180;5104
5000;0;0;2000;0;11250;6130;270;5516;2000;0;11250;6130;270;5516
5400;0;0;1730;0;11250;6130;3;4164;1730;0;11250;6130;3;4164
2520;0;0;1850;0;11110;7840;7;1371;1850;0;11110;7840;7;1371
2520;0;0;1850;0;11110;7840;28;1969;1850;0;11110;7840;28;1969
3390;0;0;1850;0;10600;7540;28;3165;1850;0;10600;7540;28;3165
3930;0;0;1920;0;9400;7580;3;1911;1920;0;9400;7580;3;1911
3930;0;0;1920;0;9400;7580;28;3958;1920;0;9400;7580;28;3958
3930;0;0;1920;0;9400;7580;90;4879;1920;0;9400;7580;90;4879
3820;0;0;1850;0;10470;7390;7;2400;1850;0;10470;7390;7;2400
3820;0;0;1850;0;10470;7390;28;3742;1850;0;10470;7390;28;3742
2520;0;0;1860;0;11110;7840;7;1147;1860;0;11110;7840;7;1147
2520;0;0;1850;0;11110;7840;28;1969;1850;0;11110;7840;28;1969
3100;0;0;1920;0;9700;8500;7;1499;1920;0;9700;8500;7;1499
3100;0;0;1920;0;9700;8500;28;2792;1920;0;9700;8500;28;2792
3100;0;0;1920;0;9700;8500;90;3468;1920;0;9700;8500;90;3468
3100;0;0;1920;0;9700;8500;180;3733;1920;0;9700;8500;180;3733
3100;0;0;1920;0;9700;8500;360;3811;1920;0;9700;8500;360;3811
5250;0;0;1890;0;11250;6130;3;3380;1890;0;11250;6130;3;3380
5250;0;0;1890;0;11250;6130;7;4242;1890;0;11250;6130;7;4242
5250;0;0;1890;0;11250;6130;14;4840;1890;0;11250;6130;14;4840
5250;0;0;1890;0;11250;6130;28;5594;1890;0;11250;6130;28;5594
5250;0;0;1890;0;11250;6130;90;5878;1890;0;11250;6130;90;5878
5250;0;0;1890;0;11250;6130;270;6711;1890;0;11250;6130;270;6711
3220;0;0;2030;0;9740;8000;14;2077;2030;0;9740;8000;14;2077
3220;0;0;2030;0;9740;8000;28;2518;2030;0;9740;8000;28;2518
3220;0;0;2030;0;9740;8000;180;2959;2030;0;9740;8000;180;2959
3020;0;0;2030;0;9740;8170;28;2175;2030;0;9740;8170;28;2175
3970;0;0;1850;0;10400;7340;28;3909;1850;0;10400;7340;28;3909
4800;0;0;1920;0;9360;7210;3;2439;1920;0;9360;7210;3;2439
5220;0;0;1460;0;8960;8960;7;5051;1460;0;8960;8960;7;5051
5220;0;0;1460;0;8960;8960;28;7499;1460;0;8960;8960;28;7499
2730;1050;820;2100;90;9040;6800;28;3717;2100;90;9040;6800;28;3717
1620;1900;1480;1790;190;8380;7410;28;3376;1790;190;8380;7410;28;3376
1540;1440;1120;2200;100;9230;6580;28;1650;2200;100;9230;6580;28;1650
1470;1150;890;2020;90;8600;8290;28;1999;2020;90;8600;8290;28;1999
1520;1780;1390;1680;180;9440;6950;28;3635;1680;180;9440;6950;28;3635
3100;1430;1110;1680;220;9140;6510;28;3369;1680;220;9140;6510;28;3369
1440;0;1750;1580;180;9430;8440;28;1542;1580;180;9430;8440;28;1542
3040;1400;0;2140;60;8950;7220;28;3342;2140;60;8950;7220;28;3342
3740;0;0;1900;70;10130;7300;28;3905;1900;70;10130;7300;28;3905
1590;1490;1160;1750;150;9530;7200;28;2768;1750;150;9530;7200;28;2768
1530;2390;0;2000;60;10020;6840;28;2686;2000;60;10020;6840;28;2686
3100;1430;0;1680;100;9140;8040;28;4530;1680;100;9140;8040;28;4530
3050;0;1000;1960;100;9590;7050;28;3012;1960;100;9590;7050;28;3012
1510;0;1840;1670;120;9910;7720;28;1557;1670;120;9910;7720;28;1557
1420;1670;1300;1740;110;8830;7850;28;4461;1740;110;8830;7850;28;4461
2980;1370;1070;2010;60;8780;6550;28;5352;2010;60;8780;6550;28;5352
3210;1640;0;1900;50;8700;7740;28;5721;1900;50;8700;7740;28;5721
3660;1870;0;1910;70;8240;7570;28;6591;1910;70;8240;7570;28;6591
2800;1290;1000;1720;90;8250;8050;28;5282;1720;90;8250;8050;28;5282
2520;970;760;1940;80;8350;8210;28;3340;1940;80;8350;8210;28;3340
1650;0;1500;1820;120;10230;7290;28;1803;1820;120;10230;7290;28;1803
1560;2430;0;1800;110;10220;6980;28;3736;1800;110;10220;6980;28;3736
1600;1880;1460;2030;110;8290;7100;28;3284;2030;110;8290;7100;28;3284
2980;0;1070;1860;60;8790;8150;28;4264;1860;60;8790;8150;28;4264
3180;0;1260;2100;60;8610;7370;28;4006;2100;60;8610;7370;28;4006
2870;1210;940;1880;90;9040;6960;28;4194;1880;90;9040;6960;28;4194
3260;1660;0;1740;90;8820;7900;28;6123;1740;90;8820;7900;28;6123
3560;0;1420;1930;110;8010;7780;28;4087;1930;110;8010;7780;28;4087
1320;2070;1610;1790;50;8670;7360;28;3330;1790;50;8670;7360;28;3330
3220;1490;0;1860;80;9510;7090;28;5242;1860;80;9510;7090;28;5242
1640;0;2000;1810;130;8490;8460;28;1509;1810;130;8490;8460;28;1509
3140;0;1130;1700;100;9250;7830;28;3846;1700;100;9250;7830;28;3846
3210;0;1280;1820;110;8700;7800;28;3726;1820;110;8700;7800;28;3726
1400;1640;1280;2370;60;8690;6560;28;3523;2370;60;8690;6560;28;3523
2880;1210;0;1770;70;9080;8290;28;4213;1770;70;9080;8290;28;4213
2980;0;1070;2100;110;8800;7440;28;3187;2100;110;8800;7440;28;3187
2650;1110;860;1950;60;8330;7900;28;4154;1950;60;8330;7900;28;4154
1600;2500;0;1680;120;10490;6880;28;3945;1680;120;10490;6880;28;3945
1660;2600;0;1830;130;8590;8270;28;3791;1830;130;8590;8270;28;3791
2760;1160;900;1800;90;8700;7680;28;4428;1800;90;8700;7680;28;4428
3220;0;1160;1960;100;8180;8130;28;3118;1960;100;8180;8130;28;3118
1490;1390;1090;1930;60;8920;7800;28;2369;1930;60;8920;7800;28;2369
1590;1870;0;1760;110;9900;7890;28;3276;1760;110;9900;7890;28;3276
2610;1000;780;2010;90;8640;7610;28;3240;2010;90;8640;7610;28;3240
2370;920;710;2470;60;8530;6950;28;2863;2470;60;8530;6950;28;2863
3130;0;1130;1780;80;10020;6890;28;3680;1780;80;10020;6890;28;3680
1550;1830;0;1930;90;10470;6970;28;1828;1930;90;10470;6970;28;1828
1460;2300;0;2020;30;8270;8720;28;3306;2020;30;8270;8720;28;3306
2960;0;1070;2210;110;8190;7780;28;3142;2210;110;8190;7780;28;3142
1330;2100;0;1960;30;9490;7950;28;3103;1960;30;9490;7950;28;3103
3130;1450;0;1780;80;8670;8240;28;4439;1780;80;8670;8240;28;4439
1520;0;1120;1840;80;9920;8160;28;1218;1840;80;9920;8160;28;1218
1530;1450;1130;1780;80;10020;6890;28;2556;1780;80;10020;6890;28;2556
1400;1330;1030;2000;70;9160;7530;28;3644;2000;70;9160;7530;28;3644
1490;2360;0;1760;130;8470;8930;28;3296;1760;130;8470;8930;28;3296
3000;0;1200;2120;100;8780;7280;28;2384;2120;100;8780;7280;28;2384
1530;1450;1130;1780;80;8670;8240;28;2623;1780;80;8670;8240;28;2623
1480;0;1370;1580;160;10020;8300;28;1795;1580;160;10020;8300;28;1795
3260;0;1380;1990;110;8010;7920;28;4068;1990;110;8010;7920;28;4068
1530;1450;0;1780;80;10000;8220;28;1901;1780;80;10000;8220;28;1901
2620;1110;860;1950;50;8950;7330;28;3372;1950;50;8950;7330;28;3372
1580;0;1950;2200;110;8980;7130;28;854;2200;110;8980;7130;28;854
1510;0;1850;1670;160;10740;6780;28;1346;1670;160;10740;6780;28;1346
2730;0;900;1990;110;9310;7620;28;3224;1990;110;9310;7620;28;3224
1490;1180;920;1830;70;9530;7800;28;2352;1830;70;9530;7800;28;2352
1430;1690;1430;1910;80;9670;6430;28;2972;1910;80;9670;6430;28;2972
2600;1010;780;1710;100;9360;7630;28;4977;1710;100;9360;7630;28;4977
3130;1610;0;1780;100;9170;7590;28;5244;1780;100;9170;7590;28;5244
2840;1200;0;1680;70;9700;7940;28;4093;1680;70;9700;7940;28;4093
3360;0;0;1820;30;9860;8170;28;4486;1820;30;9860;8170;28;4486
1450;0;1340;1810;110;9790;8120;28;1320;1810;110;9790;8120;28;1320
1500;2370;0;1740;120;10690;6750;28;3743;1740;120;10690;6750;28;3743
1440;1700;1330;1920;80;8140;8050;28;2987;1920;80;8140;8050;28;2987
3310;1700;0;1950;80;8110;8020;28;5661;1950;80;8110;8020;28;5661
1550;0;1430;1930;90;10470;6970;28;1246;1930;90;10470;6970;28;1246
1550;1830;0;1930;90;8770;8680;28;2379;1930;90;8770;8680;28;2379
1350;0;1660;1800;100;9610;8050;28;1329;1800;100;9610;8050;28;1329
2660;1120;870;1780;100;9100;7450;28;3942;1780;100;9100;7450;28;3942
3140;1450;1130;1790;80;8690;6900;28;4623;1790;80;8690;6900;28;4623
3130;1450;0;1270;80;10000;8220;28;4452;1270;80;10000;8220;28;4452
1460;1730;0;1820;30;9860;8170;28;2374;1820;30;9860;8170;28;2374
1440;1360;1060;1780;70;9410;7740;28;2614;1780;70;9410;7740;28;2614
1480;0;1820;1810;150;8390;8840;28;1552;1810;150;8390;8840;28;1552
2770;1170;910;1910;70;9460;6660;28;4357;1910;70;9460;6660;28;4357
2980;0;1070;1640;130;9530;7840;28;3586;1640;130;9530;7840;28;3586
3130;1450;0;1780;80;10020;6890;28;4105;1780;80;10020;6890;28;4105
1550;1840;1430;1940;90;8800;6990;28;2899;1940;90;8800;6990;28;2899
2890;1340;0;1950;60;9240;7600;28;4624;1950;60;9240;7600;28;4624
1480;1750;0;1710;20;10000;8280;28;2692;1710;20;10000;8280;28;2692
1450;0;1790;2020;80;8240;8690;28;1054;2020;80;8240;8690;28;1054
3130;0;0;1780;80;10000;8220;28;2510;1780;80;10000;8220;28;2510
1360;1620;1260;1720;100;9230;7640;28;2907;1720;100;9230;7640;28;2907
1550;0;1430;1930;90;8770;8680;28;974;1930;90;8770;8680;28;974
2550;990;770;1890;60;9190;7490;28;3380;1890;60;9190;7490;28;3380
1620;2070;1720;2160;100;8220;6380;28;3984;2160;100;8220;6380;28;3984
1360;1960;980;1990;60;8470;7830;28;2697;1990;60;8470;7830;28;2697
1640;1630;1280;1970;80;9610;6410;28;2723;1970;80;9610;6410;28;2723
1620;2140;1640;2020;100;8200;6800;28;3065;2020;100;8200;6800;28;3065
1570;2140;1520;2000;90;8190;7040;28;3305;2000;90;8190;7040;28;3305
1490;1530;1940;1920;80;9350;6230;28;2458;1920;80;9350;6230;28;2458
1350;1050;1930;1960;60;9650;6430;28;2191;1960;60;9650;6430;28;2191
1590;2090;1610;2010;70;8480;6690;28;3088;2010;70;8480;6690;28;3088
1440;150;1950;1760;60;10210;7090;28;1534;1760;60;10210;7090;28;1534
1540;1740;1850;2280;70;8450;6120;28;2434;2280;70;8450;6120;28;2434
1670;1870;1950;1850;70;8980;6360;28;2389;1850;70;8980;6360;28;2389
1840;860;1900;2130;60;9230;6230;28;2293;2130;60;9230;6230;28;2293
1560;1780;1870;2210;70;8540;6140;28;2941;2210;70;8540;6140;28;2941
2369;917;715;2469;60;8529;6954;28;2863;2469;60;8529;6954;28;2863
3133;0;1130;1785;80;10019;6887;28;3680;1785;80;10019;6887;28;3680
1548;1834;0;1933;91;10474;6967;28;1829;1933;91;10474;6967;28;1829
1459;2305;0;2025;34;8270;8718;28;3272;2025;34;8270;8718;28;3272
2960;0;1067;2214;105;8192;7784;28;3142;2214;105;8192;7784;28;3142
1331;2102;0;1957;31;9494;7953;28;2894;1957;31;9494;7953;28;2894
3133;1450;0;1785;80;8672;8240;28;4093;1785;80;8672;8240;28;4093
1516;0;1119;1844;79;9920;8159;28;1218;1844;79;9920;8159;28;1218
1531;1450;1130;1785;80;10019;6887;28;2556;1785;80;10019;6887;28;2556
1399;1326;1033;2003;74;9160;7534;28;3644;2003;74;9160;7534;28;3644
1495;2360;0;1758;126;8468;8927;28;3296;1758;126;8468;8927;28;3296
2998;0;1198;2115;99;8782;7276;28;2384;2115;99;8782;7276;28;2384
1531;1450;1130;1785;80;8672;8240;28;2623;1785;80;8672;8240;28;2623
1481;0;1366;1581;161;10018;8301;28;1796;1581;161;10018;8301;28;1796
3265;0;1379;1990;108;8011;7925;28;3863;1990;108;8011;7925;28;3863
1527;1447;0;1781;80;9997;8222;28;1901;1781;80;9997;8222;28;1901
2619;1105;861;1954;50;8952;7326;28;3372;1954;50;8952;7326;28;3372
1584;0;1949;2197;110;8977;7129;28;854;2197;110;8977;7129;28;854
1507;0;1853;1667;156;10745;6780;28;1346;1667;156;10745;6780;28;1346
2726;0;896;1987;106;9313;7622;28;3225;1987;106;9313;7622;28;3225
1490;1176;917;1829;71;9534;7803;28;2352;1829;71;9534;7803;28;2352
1430;1694;1427;1907;84;9674;6435;28;2973;1907;84;9674;6435;28;2973
2599;1006;784;1706;104;9357;7629;28;4977;1706;104;9357;7629;28;4977
3129;1605;0;1776;96;9166;7595;28;5245;1776;96;9166;7595;28;5245
2840;1197;0;1683;72;9704;7942;28;4093;1683;72;9704;7942;28;4093
3365;0;0;1819;34;9858;8168;28;4487;1819;34;9858;8168;28;4487
1448;0;1336;1808;111;9795;8115;28;1320;1808;111;9795;8115;28;1320
1500;2368;0;1738;119;10693;6748;28;3743;1738;119;10693;6748;28;3743
1437;1702;1326;1916;85;8141;8053;28;2987;1916;85;8141;8053;28;2987
3305;1696;0;1949;81;8110;8023;28;5662;1949;81;8110;8023;28;5662
1548;0;1428;1933;91;10474;6967;28;1246;1933;91;10474;6967;28;1246
1548;1834;0;1933;91;8772;8677;28;2379;1933;91;8772;8677;28;2379
1347;0;1657;1802;100;9610;8049;28;1329;1802;100;9610;8049;28;1329
2662;1123;875;1779;104;9097;7445;28;3942;1779;104;9097;7445;28;3942
3140;1453;1132;1789;80;8691;6902;28;4623;1789;80;8691;6902;28;4623
3127;1447;0;1273;80;9997;8222;28;4452;1273;80;9997;8222;28;4452
1457;1726;0;1819;34;9858;8168;28;2374;1819;34;9858;8168;28;2374
1438;1363;1062;1781;75;9415;7743;28;2615;1781;75;9415;7743;28;2615
1481;0;1821;1814;150;8389;8843;28;1553;1814;150;8389;8843;28;1553
2770;1168;910;1906;70;9465;6656;28;4358;1906;70;9465;6656;28;4358
2981;0;1075;1636;128;9532;7840;28;3587;1636;128;9532;7840;28;3587
3133;1450;0;1785;80;10019;6887;28;4105;1785;80;10019;6887;28;4105
1552;1839;1432;1938;92;8796;6985;28;2899;1938;92;8796;6985;28;2899
2890;1337;0;1949;55;9241;7601;28;4625;1949;55;9241;7601;28;4625
1478;1751;0;1712;22;10000;8285;28;2692;1712;22;10000;8285;28;2692
1454;0;1789;2017;78;8240;8687;28;1054;2017;78;8240;8687;28;1054
3127;0;0;1781;80;9997;8222;28;2510;1781;80;9997;8222;28;2510
1364;1616;1258;1716;104;9226;7644;28;2907;1716;104;9226;7644;28;2907
1548;0;1428;1933;91;8772;8677;28;974;1933;91;8772;8677;28;974
2553;988;770;1886;65;9190;7493;28;3380;1886;65;9190;7493;28;3380
2728;1051;818;2097;90;9040;6797;28;3717;2097;90;9040;6797;28;3717
1620;1901;1481;1788;188;8381;7414;28;3376;1788;188;8381;7414;28;3376
1536;1442;1123;2201;101;9232;6579;28;1650;2201;101;9232;6579;28;1650
1465;1146;893;2019;88;8600;8295;28;1999;2019;88;8600;8295;28;1999
1518;1781;1387;1675;183;9440;6946;28;3635;1675;183;9440;6946;28;3635
3099;1428;1112;1678;221;9139;6512;28;3822;1678;221;9139;6512;28;3822
1436;0;1749;1584;179;9427;8445;28;1542;1584;179;9427;8445;28;1542
3036;1399;0;2135;62;8955;7225;28;3342;2135;62;8955;7225;28;3342
3743;0;0;1902;67;10132;7304;28;3906;1902;67;10132;7304;28;3906
1586;1489;1160;1751;150;9533;7197;28;2768;1751;150;9533;7197;28;2768
1526;2387;0;2000;63;10018;6839;28;2686;2000;63;10018;6839;28;2686
3100;1428;0;1679;100;9143;8040;28;4530;1679;100;9143;8040;28;4530
3048;0;996;1960;98;9594;7052;28;3012;1960;98;9594;7052;28;3012
1509;0;1839;1666;116;9912;7722;28;1557;1666;116;9912;7722;28;1557
1419;1666;1297;1735;109;8826;7853;28;4461;1735;109;8826;7853;28;4461
2978;1372;1069;2013;60;8784;6553;28;5352;2013;60;8784;6553;28;5352
3213;1642;0;1905;46;8700;7740;28;5722;1905;46;8700;7740;28;5722
3660;1870;0;1913;66;8243;7569;28;6591;1913;66;8243;7569;28;6591
2798;1289;1004;1724;95;8251;8049;28;5283;1724;95;8251;8049;28;5283
2521;971;756;1938;83;8355;8214;28;3340;1938;83;8355;8214;28;3340
1646;0;1504;1816;117;10233;7289;28;1803;1816;117;10233;7289;28;1803
1556;2435;0;1803;107;10220;6977;28;3736;1803;107;10220;6977;28;3736
1602;1880;1464;2032;113;8287;7097;28;3531;2032;113;8287;7097;28;3531
2981;0;1070;1864;61;8790;8152;28;4264;1864;61;8790;8152;28;4264
3179;0;1265;2097;57;8605;7366;28;4006;2097;57;8605;7366;28;4006
2873;1205;939;1876;92;9044;6959;28;4380;1876;92;9044;6959;28;4380
3256;1664;0;1740;89;8816;7900;28;6124;1740;89;8816;7900;28;6124
3559;0;1416;1933;110;8014;7784;28;4087;1933;110;8014;7784;28;4087
1320;2065;1609;1789;55;8669;7356;28;3331;1789;55;8669;7356;28;3331
3225;1486;0;1858;85;9510;7095;28;5243;1858;85;9510;7095;28;5243
1642;0;2001;1812;126;8493;8460;28;1509;1812;126;8493;8460;28;1509
3138;0;1126;1699;101;9253;7829;28;3846;1699;101;9253;7829;28;3846
3214;0;1279;1825;115;8701;7797;28;3727;1825;115;8701;7797;28;3727
1397;1639;1277;2367;58;8686;6556;28;3523;2367;58;8686;6556;28;3523
2884;1210;0;1774;70;9079;8295;28;4214;1774;70;9079;8295;28;4214
2982;0;1070;2097;111;8796;7442;28;3188;2097;111;8796;7442;28;3188
2645;1110;865;1955;59;8326;7904;28;4154;1955;59;8326;7904;28;4154
1598;2500;0;1684;122;10493;6882;28;3946;1684;122;10493;6882;28;3946
1660;2597;0;1832;127;8588;8268;28;3792;1832;127;8588;8268;28;3792
2764;1160;903;1796;89;8701;7683;28;4428;1796;89;8701;7683;28;4428
3222;0;1156;1960;104;8179;8134;28;3118;1960;104;8179;8134;28;3118
1485;1394;1086;1927;61;8924;7800;28;2370;1927;61;8924;7800;28;2370
1591;1867;0;1756;113;9896;7889;28;3277;1756;113;9896;7889;28;3277
2609;1005;783;2006;86;8645;7615;28;3240;2006;86;8645;7615;28;3240
